{"accuracy": [0.7091377377510071, 0.8828828930854797, 0.9279279112815857, 0.9639639854431152, 0.9633204340934753, 0.9723294973373413, 0.977477490901947, 0.983912467956543, 0.9871299862861633, 0.983912467956543, 0.9903475046157837, 0.9884169697761536, 0.9929214715957642, 0.9954954981803894, 0.9974259734153748], "loss": [0.8062902092933655, 0.32148632407188416, 0.21610918641090393, 0.12227428704500198, 0.11311309039592743, 0.08344806730747223, 0.07522521167993546, 0.04754780977964401, 0.050314296036958694, 0.04721801355481148, 0.03125345706939697, 0.03861180320382118, 0.02827589400112629, 0.015651587396860123, 0.015732284635305405], "val_accuracy": [0.6966580748558044, 0.6966580748558044, 0.6529563069343567, 0.5629820227622986, 0.5809768438339233, 0.7789202928543091, 0.8277634978294373, 0.8868894577026367, 0.948586106300354, 0.9305912852287292, 0.9768637418746948, 0.9871465563774109, 0.9922879338264465, 0.9922879338264465, 0.9948586225509644], "val_loss": [1.0931787490844727, 0.8671075701713562, 0.8351485729217529, 1.046628475189209, 1.0111483335494995, 0.5930138230323792, 0.3967011868953705, 0.2873363792896271, 0.16541413962841034, 0.1851062774658203, 0.08534235507249832, 0.05156001076102257, 0.03952664136886597, 0.018904296681284904, 0.013849285431206226]}