{"accuracy": [0.7014157176017761, 0.88416987657547, 0.9337194561958313, 0.9588159322738647, 0.9601029753684998, 0.9755469560623169, 0.9806950092315674, 0.9909909963607788, 0.9871299862861633, 0.9871299862861633, 0.9845559597015381, 0.993565022945404, 0.9864864945411682, 0.9858430027961731, 0.9890604615211487], "loss": [0.8286709189414978, 0.3395651578903198, 0.18989184498786926, 0.13851723074913025, 0.11250000447034836, 0.08430089056491852, 0.062128063291311264, 0.03390676528215408, 0.03579741716384888, 0.02930271439254284, 0.05928512290120125, 0.02556789107620716, 0.04753909260034561, 0.04090692847967148, 0.03269060701131821], "val_accuracy": [0.637532114982605, 0.7712082266807556, 0.7455012798309326, 0.7686375379562378, 0.76606684923172, 0.7712082266807556, 0.8766067028045654, 0.8483290672302246, 0.8997429013252258, 0.9331619739532471, 0.9408740401268005, 0.9640102982521057, 0.9897172451019287, 0.9974293112754822, 1.0], "val_loss": [1.1297073364257812, 0.8099851608276367, 0.7026815414428711, 0.6591050028800964, 0.5097580552101135, 0.5210514664649963, 0.3540392518043518, 0.33142247796058655, 0.23586761951446533, 0.25218749046325684, 0.16971182823181152, 0.10114533454179764, 0.024660460650920868, 0.01579752191901207, 0.005983722861856222]}