{"accuracy": [0.7033461928367615, 0.8700128793716431, 0.9034749269485474, 0.9555984735488892, 0.9504504799842834, 0.9684684872627258, 0.977477490901947, 0.9813385009765625, 0.983912467956543, 0.9929214715957642, 0.9903475046157837, 0.9942085146903992, 0.9967824816703796, 0.9954954981803894, 0.9942085146903992], "loss": [0.778721272945404, 0.36513903737068176, 0.249544158577919, 0.15578106045722961, 0.13926151394844055, 0.09516909718513489, 0.07354765385389328, 0.06296022981405258, 0.054774291813373566, 0.029615972191095352, 0.05084655061364174, 0.02328527346253395, 0.022035909816622734, 0.01831367425620556, 0.019621657207608223], "val_accuracy": [0.7095115780830383, 0.7120822668075562, 0.6683804392814636, 0.5912596583366394, 0.5758354663848877, 0.663239061832428, 0.8046272397041321, 0.843187689781189, 0.9151670932769775, 0.9434447288513184, 0.9820051193237305, 0.9794344305992126, 0.9845758080482483, 0.9768637418746948, 0.9974293112754822], "val_loss": [1.1557278633117676, 0.9919039607048035, 0.8900716304779053, 0.8660833239555359, 0.8942381739616394, 0.701624870300293, 0.4637504816055298, 0.36007556319236755, 0.25008872151374817, 0.1488860845565796, 0.09667406231164932, 0.047618091106414795, 0.03726215660572052, 0.045443546026945114, 0.011532766744494438]}