{"accuracy": [0.6859716773033142, 0.869369387626648, 0.9189189076423645, 0.9414414167404175, 0.9665379524230957, 0.9697554707527161, 0.9729729890823364], "loss": [0.8778833150863647, 0.37197962403297424, 0.24230815470218658, 0.16776107251644135, 0.11119211465120316, 0.10280896723270416, 0.08105390518903732], "val_accuracy": [0.7095115780830383, 0.6838046312332153, 0.6195372939109802, 0.6015424132347107, 0.5526992082595825, 0.6092544794082642, 0.6683804392814636], "val_loss": [1.1860783100128174, 1.0039159059524536, 0.9490389227867126, 0.9327184557914734, 1.0580089092254639, 1.1401969194412231, 0.9959384202957153]}