{"accuracy": [0.7175031900405884, 0.8880308866500854, 0.9298584461212158, 0.9581724405288696, 0.9633204340934753, 0.96138995885849, 0.9755469560623169, 0.9897040128707886, 0.9903475046157837, 0.983912467956543, 0.9871299862861633, 0.9890604615211487, 0.9903475046157837, 0.9903475046157837, 0.9948520064353943], "loss": [0.8103007674217224, 0.33223414421081543, 0.21821050345897675, 0.13849599659442902, 0.11335819959640503, 0.11260955780744553, 0.08330456167459488, 0.04326434060931206, 0.033782802522182465, 0.04335736855864525, 0.04672996699810028, 0.044316861778497696, 0.03244025632739067, 0.04043174907565117, 0.02324923872947693], "val_accuracy": [0.7095115780830383, 0.8251928091049194, 0.8457583785057068, 0.8714653253555298, 0.7737789154052734, 0.791773796081543, 0.8508997559547424, 0.897172212600708, 0.8894601464271545, 0.9357326626777649, 0.9460154175758362, 0.974293053150177, 0.9871465563774109, 0.9820051193237305, 0.9871465563774109], "val_loss": [1.0898672342300415, 0.7224920392036438, 0.5978123545646667, 0.4316459894180298, 0.54334557056427, 0.5740249156951904, 0.4132353961467743, 0.28071898221969604, 0.28376561403274536, 0.18116910755634308, 0.12437199056148529, 0.0584336593747139, 0.044225532561540604, 0.03279437497258186, 0.07503367960453033]}