{"accuracy": [0.6891891956329346, 0.8738738894462585, 0.9169884324073792, 0.9375804662704468, 0.9639639854431152, 0.9768339991569519, 0.9755469560623169, 0.9768339991569519, 0.9877734780311584, 0.9909909963607788, 0.9845559597015381, 0.993565022945404, 0.9987130165100098, 0.9871299862861633, 0.9961389899253845], "loss": [0.8561946749687195, 0.36270323395729065, 0.2517377436161041, 0.17432110011577606, 0.11514078825712204, 0.08471579849720001, 0.08170602470636368, 0.07244183123111725, 0.04651510715484619, 0.03397301211953163, 0.06338955461978912, 0.032518066465854645, 0.012246557511389256, 0.035983651876449585, 0.020475896075367928], "val_accuracy": [0.7172236442565918, 0.8226221203804016, 0.8251928091049194, 0.8020565509796143, 0.7275063991546631, 0.7634961605072021, 0.8406169414520264, 0.7249357104301453, 0.9074550271034241, 0.8560411334037781, 0.9511567950248718, 0.9408740401268005, 0.9845758080482483, 0.9897172451019287, 1.0], "val_loss": [1.1782952547073364, 0.7985474467277527, 0.6352101564407349, 0.6251233220100403, 0.7283213138580322, 0.7555621266365051, 0.5473108887672424, 0.8318107724189758, 0.29481613636016846, 0.47617051005363464, 0.17243392765522003, 0.12548890709877014, 0.04884856566786766, 0.02327006496489048, 0.007782686501741409]}