{"accuracy": [0.45495495200157166, 0.6731016635894775, 0.745817244052887, 0.8050193190574646, 0.8404118418693542, 0.8526383638381958, 0.8899613618850708, 0.8854568600654602, 0.9137709140777588, 0.8944659233093262, 0.9240669012069702, 0.945302426815033, 0.9414414167404175, 0.953667938709259, 0.9568854570388794], "loss": [1.3136065006256104, 0.8521778583526611, 0.6447234153747559, 0.5266867876052856, 0.43250948190689087, 0.4054064154624939, 0.3331814408302307, 0.33233898878097534, 0.2723941206932068, 0.3180305063724518, 0.2313203364610672, 0.18330873548984528, 0.16702233254909515, 0.14189845323562622, 0.1111220121383667], "val_accuracy": [0.663239061832428, 0.7326478362083435, 0.7686375379562378, 0.7994858622550964, 0.8997429013252258, 0.8714653253555298, 0.8997429013252258, 0.9151670932769775, 0.9125964045524597, 0.922879159450531, 0.9177377820014954, 0.9331619739532471, 0.9511567950248718, 0.9460154175758362, 0.9408740401268005], "val_loss": [0.929023802280426, 0.7086271047592163, 0.5522150993347168, 0.5276418924331665, 0.3739778697490692, 0.3827992379665375, 0.3062071204185486, 0.2818351089954376, 0.30631521344184875, 0.2618412673473358, 0.24264611303806305, 0.20568996667861938, 0.172426238656044, 0.18528342247009277, 0.20895354449748993]}