{"accuracy": [0.4478764533996582, 0.6338481307029724, 0.7226512432098389, 0.8185328245162964, 0.8610038757324219, 0.8738738894462585, 0.916344940662384, 0.9305019378662109, 0.92277991771698, 0.9298584461212158, 0.9356499314308167, 0.9414414167404175, 0.9555984735488892, 0.9671814441680908, 0.9678249955177307], "loss": [1.3514504432678223, 0.8936567902565002, 0.7159433960914612, 0.5378351807594299, 0.4411042630672455, 0.37128588557243347, 0.2762957215309143, 0.21218323707580566, 0.2175937443971634, 0.19728775322437286, 0.18184833228588104, 0.19506052136421204, 0.13698029518127441, 0.10128892958164215, 0.10543745011091232], "val_accuracy": [0.5501285195350647, 0.6786632537841797, 0.8354755640029907, 0.8688945770263672, 0.8740360140800476, 0.8997429013252258, 0.9151670932769775, 0.9203084707260132, 0.9305912852287292, 0.9254498481750488, 0.9023136496543884, 0.9203084707260132, 0.9511567950248718, 0.9665809869766235, 0.9640102982521057], "val_loss": [0.977028489112854, 0.7439602017402649, 0.5766135454177856, 0.3852566182613373, 0.3571096360683441, 0.31731337308883667, 0.2912415564060211, 0.24170207977294922, 0.21949860453605652, 0.210728719830513, 0.2930249869823456, 0.24900902807712555, 0.14609098434448242, 0.11225401610136032, 0.12471681088209152]}